<?xml version="1.0"?>
<Autodesk_Cache_File>
  <cacheType Type="OneFilePerFrame" Format="mcx"/>
  <time Range="250-30000"/>
  <cacheTimePerFrame TimePerFrame="250"/>
  <cacheVersion Version="2.0"/>
  <extra>C:/Users/Guy/Desktop/Houdini to Maya Particle Instancers and Attributes/ParticleAttributes/scenes/particle_attributes.mb</extra>
  <extra>maya 2025</extra>
  <extra>Guy</extra>
  <extra>NCloth Info for geo_file_0Shape:</extra>
  <extra>Passive Colliders: none</extra>
  <extra>Constraints: none</extra>
  <extra>geo_file_0Shape.depthSort=0</extra>
  <extra>geo_file_0Shape.dieOnEmissionVolumeExit=0</extra>
  <extra>geo_file_0Shape.lifespanMode=0</extra>
  <extra>geo_file_0Shape.lifespanRandom=0</extra>
  <extra>geo_file_0Shape.expressionsAfterDynamics=0</extra>
  <extra>geo_file_0Shape.isDynamic=1</extra>
  <extra>geo_file_0Shape.dynamicsWeight=1</extra>
  <extra>geo_file_0Shape.forcesInWorld=1</extra>
  <extra>geo_file_0Shape.conserve=1</extra>
  <extra>geo_file_0Shape.emissionInWorld=1</extra>
  <extra>geo_file_0Shape.maxCount=-1</extra>
  <extra>geo_file_0Shape.levelOfDetail=1</extra>
  <extra>geo_file_0Shape.inheritFactor=0</extra>
  <extra>geo_file_0Shape.currentTime=1</extra>
  <extra>geo_file_0Shape.evaluationTime=1</extra>
  <extra>geo_file_0Shape.startFrame=1</extra>
  <extra>geo_file_0Shape.inputGeometrySpace=0</extra>
  <extra>geo_file_0Shape.enforceCountFromHistory=1</extra>
  <extra>geo_file_0Shape.targetGeometrySpace=2</extra>
  <extra>geo_file_0Shape.goalSmoothness=3</extra>
  <extra>geo_file_0Shape.cacheData=0</extra>
  <extra>geo_file_0Shape.traceDepth=10</extra>
  <extra>geo_file_0Shape.particleRenderType=3</extra>
  <extra>geo_file_0Shape.playFromCache=1</extra>
  <extra>geo_file_0Shape.thickness=0.1000000015</extra>
  <extra>geo_file_0Shape.bounce=0</extra>
  <extra>geo_file_0Shape.friction=0.1000000015</extra>
  <extra>geo_file_0Shape.damp=0</extra>
  <extra>geo_file_0Shape.stickiness=0</extra>
  <extra>geo_file_0Shape.collideStrength=1</extra>
  <extra>geo_file_0Shape.collisionFlag=1</extra>
  <extra>geo_file_0Shape.selfCollisionFlag=1</extra>
  <extra>geo_file_0Shape.maxSelfCollisionIterations=4</extra>
  <extra>geo_file_0Shape.maxIterations=10000</extra>
  <extra>geo_file_0Shape.pointMass=1</extra>
  <extra>geo_file_0Shape.restLengthScale=1</extra>
  <extra>geo_file_0Shape.localForceX=0</extra>
  <extra>geo_file_0Shape.localForceY=0</extra>
  <extra>geo_file_0Shape.localForceZ=0</extra>
  <extra>geo_file_0Shape.localWindX=0</extra>
  <extra>geo_file_0Shape.localWindY=0</extra>
  <extra>geo_file_0Shape.localWindZ=0</extra>
  <extra>geo_file_0Shape.collide=1</extra>
  <extra>geo_file_0Shape.selfCollide=0</extra>
  <extra>geo_file_0Shape.collisionLayer=0</extra>
  <extra>geo_file_0Shape.windShadowDiffusion=0</extra>
  <extra>geo_file_0Shape.windShadowDistance=0</extra>
  <extra>geo_file_0Shape.airPushDistance=0</extra>
  <extra>geo_file_0Shape.airPushVorticity=0</extra>
  <extra>geo_file_0Shape.pushOut=0</extra>
  <extra>geo_file_0Shape.pushOutRadius=10</extra>
  <extra>geo_file_0Shape.crossoverPush=0</extra>
  <extra>geo_file_0Shape.trappedCheck=0</extra>
  <extra>geo_file_0Shape.forceField=0</extra>
  <extra>geo_file_0Shape.fieldMagnitude=1</extra>
  <extra>geo_file_0Shape.fieldDistance=1</extra>
  <extra>geo_file_0Shape.fieldScale[0].fieldScale_Position=0</extra>
  <extra>geo_file_0Shape.fieldScale[0].fieldScale_FloatValue=1</extra>
  <extra>geo_file_0Shape.fieldScale[0].fieldScale_Interp=1</extra>
  <extra>geo_file_0Shape.fieldScale[1].fieldScale_Position=1</extra>
  <extra>geo_file_0Shape.fieldScale[1].fieldScale_FloatValue=0</extra>
  <extra>geo_file_0Shape.fieldScale[1].fieldScale_Interp=1</extra>
  <extra>geo_file_0Shape.pointForceField=0</extra>
  <extra>geo_file_0Shape.pointFieldMagnitude=1</extra>
  <extra>geo_file_0Shape.selfAttract=0</extra>
  <extra>geo_file_0Shape.pointFieldDistance=2</extra>
  <extra>geo_file_0Shape.pointFieldDropoff[0].pointFieldDropoff_Position=0</extra>
  <extra>geo_file_0Shape.pointFieldDropoff[0].pointFieldDropoff_FloatValue=1</extra>
  <extra>geo_file_0Shape.pointFieldDropoff[0].pointFieldDropoff_Interp=1</extra>
  <extra>geo_file_0Shape.pointFieldDropoff[1].pointFieldDropoff_Position=1</extra>
  <extra>geo_file_0Shape.pointFieldDropoff[1].pointFieldDropoff_FloatValue=0</extra>
  <extra>geo_file_0Shape.pointFieldDropoff[1].pointFieldDropoff_Interp=1</extra>
  <extra>geo_file_0Shape.localSpaceOutput=0</extra>
  <extra>geo_file_0Shape.displayColorR=1</extra>
  <extra>geo_file_0Shape.displayColorG=0.8000000119</extra>
  <extra>geo_file_0Shape.displayColorB=0</extra>
  <extra>geo_file_0Shape.inputAttract=0</extra>
  <extra>geo_file_0Shape.inputAttractDamp=0.5</extra>
  <extra>geo_file_0Shape.ignoreSolverGravity=0</extra>
  <extra>geo_file_0Shape.ignoreSolverWind=0</extra>
  <extra>geo_file_0Shape.windSelfShadow=0</extra>
  <extra>geo_file_0Shape.drag=0.009999999776</extra>
  <extra>geo_file_0Shape.collideWidthScale=1</extra>
  <extra>geo_file_0Shape.selfCollideWidthScale=1</extra>
  <extra>geo_file_0Shape.emissionOverlapPruning=0</extra>
  <extra>geo_file_0Shape.computeRotation=0</extra>
  <extra>geo_file_0Shape.rotationFriction=0.8999999762</extra>
  <extra>geo_file_0Shape.rotationDamp=0.001000000047</extra>
  <extra>geo_file_0Shape.enableSPH=0</extra>
  <extra>geo_file_0Shape.incompressibility=1</extra>
  <extra>geo_file_0Shape.viscosity=0.1000000015</extra>
  <extra>geo_file_0Shape.viscosityScale[0].viscosityScale_Position=0</extra>
  <extra>geo_file_0Shape.viscosityScale[0].viscosityScale_FloatValue=1</extra>
  <extra>geo_file_0Shape.viscosityScale[0].viscosityScale_Interp=1</extra>
  <extra>geo_file_0Shape.viscosityScaleInputMax=1</extra>
  <extra>geo_file_0Shape.surfaceTension=0</extra>
  <extra>geo_file_0Shape.surfaceTensionScale[0].surfaceTensionScale_Position=0</extra>
  <extra>geo_file_0Shape.surfaceTensionScale[0].surfaceTensionScale_FloatValue=1</extra>
  <extra>geo_file_0Shape.surfaceTensionScale[0].surfaceTensionScale_Interp=1</extra>
  <extra>geo_file_0Shape.surfaceTensionScaleInputMax=1</extra>
  <extra>geo_file_0Shape.restDensity=2</extra>
  <extra>geo_file_0Shape.radiusScaleSPH=1</extra>
  <extra>geo_file_0Shape.threshold=0.1</extra>
  <extra>geo_file_0Shape.radius=0.200000003</extra>
  <extra>geo_file_0Shape.radiusScale[0].radiusScale_Position=0</extra>
  <extra>geo_file_0Shape.radiusScale[0].radiusScale_FloatValue=1</extra>
  <extra>geo_file_0Shape.radiusScale[0].radiusScale_Interp=1</extra>
  <extra>geo_file_0Shape.radiusScaleInputMax=1</extra>
  <extra>geo_file_0Shape.radiusScaleRandomize=0</extra>
  <extra>geo_file_0Shape.massScale[0].massScale_Position=0</extra>
  <extra>geo_file_0Shape.massScale[0].massScale_FloatValue=1</extra>
  <extra>geo_file_0Shape.massScale[0].massScale_Interp=1</extra>
  <extra>geo_file_0Shape.massScaleInputMax=1</extra>
  <extra>geo_file_0Shape.massScaleRandomize=0</extra>
  <extra>geo_file_0Shape.pointFieldScale[0].pointFieldScale_Position=0</extra>
  <extra>geo_file_0Shape.pointFieldScale[0].pointFieldScale_FloatValue=1</extra>
  <extra>geo_file_0Shape.pointFieldScale[0].pointFieldScale_Interp=1</extra>
  <extra>geo_file_0Shape.pointFieldScaleInputMax=1</extra>
  <extra>geo_file_0Shape.frictionScale[0].frictionScale_Position=0</extra>
  <extra>geo_file_0Shape.frictionScale[0].frictionScale_FloatValue=1</extra>
  <extra>geo_file_0Shape.frictionScale[0].frictionScale_Interp=1</extra>
  <extra>geo_file_0Shape.frictionScaleInputMax=1</extra>
  <extra>geo_file_0Shape.frictionRandomize=0</extra>
  <extra>geo_file_0Shape.stickinessScale[0].stickinessScale_Position=0</extra>
  <extra>geo_file_0Shape.stickinessScale[0].stickinessScale_FloatValue=1</extra>
  <extra>geo_file_0Shape.stickinessScale[0].stickinessScale_Interp=1</extra>
  <extra>geo_file_0Shape.stickinessScaleInputMax=1</extra>
  <extra>geo_file_0Shape.stickinessRandomize=0</extra>
  <extra>geo_file_0Shape.collideStrengthScale[0].collideStrengthScale_Position=0</extra>
  <extra>geo_file_0Shape.collideStrengthScale[0].collideStrengthScale_FloatValue=1</extra>
  <extra>geo_file_0Shape.collideStrengthScale[0].collideStrengthScale_Interp=1</extra>
  <extra>geo_file_0Shape.collideStrengthScaleInputMax=1</extra>
  <extra>geo_file_0Shape.bounceScale[0].bounceScale_Position=0</extra>
  <extra>geo_file_0Shape.bounceScale[0].bounceScale_FloatValue=1</extra>
  <extra>geo_file_0Shape.bounceScale[0].bounceScale_Interp=1</extra>
  <extra>geo_file_0Shape.bounceScaleInputMax=1</extra>
  <extra>geo_file_0Shape.bounceRandomize=0</extra>
  <extra>geo_file_0Shape.opacity=1</extra>
  <extra>geo_file_0Shape.opacityScale[0].opacityScale_Position=0</extra>
  <extra>geo_file_0Shape.opacityScale[0].opacityScale_FloatValue=1</extra>
  <extra>geo_file_0Shape.opacityScale[0].opacityScale_Interp=1</extra>
  <extra>geo_file_0Shape.opacityScaleInputMax=1</extra>
  <extra>geo_file_0Shape.opacityScaleRandomize=0</extra>
  <extra>geo_file_0Shape.colorRed=1</extra>
  <extra>geo_file_0Shape.colorGreen=1</extra>
  <extra>geo_file_0Shape.colorBlue=1</extra>
  <extra>geo_file_0Shape.color[0].color_Position=0</extra>
  <extra>geo_file_0Shape.color[0].color_ColorR=1</extra>
  <extra>geo_file_0Shape.color[0].color_ColorG=1</extra>
  <extra>geo_file_0Shape.color[0].color_ColorB=1</extra>
  <extra>geo_file_0Shape.color[0].color_Interp=1</extra>
  <extra>geo_file_0Shape.colorInputMax=1</extra>
  <extra>geo_file_0Shape.colorRandomize=0</extra>
  <extra>geo_file_0Shape.incandescence[0].incandescence_Position=0</extra>
  <extra>geo_file_0Shape.incandescence[0].incandescence_ColorR=0</extra>
  <extra>geo_file_0Shape.incandescence[0].incandescence_ColorG=0</extra>
  <extra>geo_file_0Shape.incandescence[0].incandescence_ColorB=0</extra>
  <extra>geo_file_0Shape.incandescence[0].incandescence_Interp=1</extra>
  <extra>geo_file_0Shape.incandescenceInputMax=1</extra>
  <extra>geo_file_0Shape.incandescenceRandomize=0</extra>
  <extra>geo_file_0Shape.blobbyRadiusScale=1</extra>
  <extra>geo_file_0Shape.motionStreak=0</extra>
  <extra>geo_file_0Shape.meshTriangleSize=0.5</extra>
  <extra>geo_file_0Shape.colorAccum=0</extra>
  <extra>geo_file_0Shape.useLighting=0</extra>
  <extra>geo_file_0Shape.pointSize=2</extra>
  <extra>geo_file_0Shape.normalDir=2</extra>
  <extra>nucleus1.rman_matteObject=-1</extra>
  <extra>nucleus1.rman_holdout=-1</extra>
  <extra>nucleus1.rman_nestedInstancing=0</extra>
  <extra>nucleus1.rman_maxDiffuseDepth=-1</extra>
  <extra>nucleus1.rman_maxSpecularDepth=-1</extra>
  <extra>nucleus1.rman_relativePixelVariance=1</extra>
  <extra>nucleus1.rman_intersectPriority=-1</extra>
  <extra>nucleus1.rman_visibilityCamera=-1</extra>
  <extra>nucleus1.rman_visibilityIndirect=-1</extra>
  <extra>nucleus1.rman_visibilityTransmission=-1</extra>
  <extra>nucleus1.rman_motionSamples=-1</extra>
  <extra>nucleus1.visibility=1</extra>
  <extra>nucleus1.translateX=0</extra>
  <extra>nucleus1.translateY=0</extra>
  <extra>nucleus1.translateZ=0</extra>
  <extra>nucleus1.rotateX=0</extra>
  <extra>nucleus1.rotateY=0</extra>
  <extra>nucleus1.rotateZ=0</extra>
  <extra>nucleus1.scaleX=1</extra>
  <extra>nucleus1.scaleY=1</extra>
  <extra>nucleus1.scaleZ=1</extra>
  <extra>nucleus1.currentTime=1</extra>
  <extra>nucleus1.startFrame=1</extra>
  <extra>nucleus1.frameJumpLimit=1</extra>
  <extra>nucleus1.enable=1</extra>
  <extra>nucleus1.useTransform=1</extra>
  <extra>nucleus1.gravity=9.800000191</extra>
  <extra>nucleus1.gravityDirectionX=0</extra>
  <extra>nucleus1.gravityDirectionY=-1</extra>
  <extra>nucleus1.gravityDirectionZ=0</extra>
  <extra>nucleus1.airDensity=1</extra>
  <extra>nucleus1.windSpeed=0</extra>
  <extra>nucleus1.windDirectionX=1</extra>
  <extra>nucleus1.windDirectionY=0</extra>
  <extra>nucleus1.windDirectionZ=0</extra>
  <extra>nucleus1.windNoise=0</extra>
  <extra>nucleus1.collisionLayerRange=4</extra>
  <extra>nucleus1.collisionSoftness=0</extra>
  <extra>nucleus1.usePlane=0</extra>
  <extra>nucleus1.planeOriginX=0</extra>
  <extra>nucleus1.planeOriginY=0</extra>
  <extra>nucleus1.planeOriginZ=0</extra>
  <extra>nucleus1.planeNormalX=0</extra>
  <extra>nucleus1.planeNormalY=1</extra>
  <extra>nucleus1.planeNormalZ=0</extra>
  <extra>nucleus1.planeBounce=0</extra>
  <extra>nucleus1.planeFriction=0.1000000015</extra>
  <extra>nucleus1.planeStickiness=0</extra>
  <extra>nucleus1.subSteps=3</extra>
  <extra>nucleus1.maxCollisionIterations=4</extra>
  <extra>nucleus1.timeScale=1</extra>
  <extra>nucleus1.spaceScale=1</extra>
  <Channels>
    <channel0 ChannelName="geo_file_0Shape_id" ChannelType="DoubleArray" ChannelInterpretation="id" SamplingType="Regular" SamplingRate="250" StartTime="250" EndTime="30000"/>
    <channel1 ChannelName="geo_file_0Shape_count" ChannelType="DoubleArray" ChannelInterpretation="count" SamplingType="Regular" SamplingRate="250" StartTime="250" EndTime="30000"/>
    <channel2 ChannelName="geo_file_0Shape_position" ChannelType="FloatVectorArray" ChannelInterpretation="position" SamplingType="Regular" SamplingRate="250" StartTime="250" EndTime="30000"/>
    <channel3 ChannelName="geo_file_0Shape_velocity" ChannelType="FloatVectorArray" ChannelInterpretation="velocity" SamplingType="Regular" SamplingRate="250" StartTime="250" EndTime="30000"/>
    <channel4 ChannelName="geo_file_0Shape_acceleration" ChannelType="FloatVectorArray" ChannelInterpretation="acceleration" SamplingType="Regular" SamplingRate="250" StartTime="250" EndTime="30000"/>
    <channel5 ChannelName="geo_file_0Shape_worldPosition" ChannelType="FloatVectorArray" ChannelInterpretation="worldPosition" SamplingType="Regular" SamplingRate="250" StartTime="250" EndTime="30000"/>
    <channel6 ChannelName="geo_file_0Shape_worldVelocity" ChannelType="FloatVectorArray" ChannelInterpretation="worldVelocity" SamplingType="Regular" SamplingRate="250" StartTime="250" EndTime="30000"/>
    <channel7 ChannelName="geo_file_0Shape_worldVelocityInObjectSpace" ChannelType="FloatVectorArray" ChannelInterpretation="worldVelocityInObjectSpace" SamplingType="Regular" SamplingRate="250" StartTime="250" EndTime="30000"/>
    <channel8 ChannelName="geo_file_0Shape_mass" ChannelType="DoubleArray" ChannelInterpretation="mass" SamplingType="Regular" SamplingRate="250" StartTime="250" EndTime="30000"/>
    <channel9 ChannelName="geo_file_0Shape_birthTime" ChannelType="DoubleArray" ChannelInterpretation="birthTime" SamplingType="Regular" SamplingRate="250" StartTime="250" EndTime="30000"/>
    <channel10 ChannelName="geo_file_0Shape_age" ChannelType="DoubleArray" ChannelInterpretation="age" SamplingType="Regular" SamplingRate="250" StartTime="250" EndTime="30000"/>
    <channel11 ChannelName="geo_file_0Shape_finalLifespanPP" ChannelType="DoubleArray" ChannelInterpretation="finalLifespanPP" SamplingType="Regular" SamplingRate="250" StartTime="250" EndTime="30000"/>
    <channel12 ChannelName="geo_file_0Shape_Cd4PP" ChannelType="FloatVectorArray" ChannelInterpretation="Cd4PP" SamplingType="Regular" SamplingRate="250" StartTime="250" EndTime="30000"/>
    <channel13 ChannelName="geo_file_0Shape_Cd3PP" ChannelType="FloatVectorArray" ChannelInterpretation="Cd3PP" SamplingType="Regular" SamplingRate="250" StartTime="250" EndTime="30000"/>
    <channel14 ChannelName="geo_file_0Shape_Cd2PP" ChannelType="FloatVectorArray" ChannelInterpretation="Cd2PP" SamplingType="Regular" SamplingRate="250" StartTime="250" EndTime="30000"/>
    <channel15 ChannelName="geo_file_0Shape_rgbPP" ChannelType="FloatVectorArray" ChannelInterpretation="rgbPP" SamplingType="Regular" SamplingRate="250" StartTime="250" EndTime="30000"/>
    <channel16 ChannelName="geo_file_0Shape_instanceId" ChannelType="DoubleArray" ChannelInterpretation="instanceId" SamplingType="Regular" SamplingRate="250" StartTime="250" EndTime="30000"/>
    <channel17 ChannelName="geo_file_0Shape_class" ChannelType="DoubleArray" ChannelInterpretation="class" SamplingType="Regular" SamplingRate="250" StartTime="250" EndTime="30000"/>
    <channel18 ChannelName="geo_file_0Shape_N" ChannelType="FloatVectorArray" ChannelInterpretation="N" SamplingType="Regular" SamplingRate="250" StartTime="250" EndTime="30000"/>
    <channel19 ChannelName="geo_file_0Shape_radiusPP" ChannelType="DoubleArray" ChannelInterpretation="radiusPP" SamplingType="Regular" SamplingRate="250" StartTime="250" EndTime="30000"/>
    <channel20 ChannelName="geo_file_0Shape_rotationPP" ChannelType="FloatVectorArray" ChannelInterpretation="rotationPP" SamplingType="Regular" SamplingRate="250" StartTime="250" EndTime="30000"/>
  </Channels>
</Autodesk_Cache_File>
